USE Software_VirtualVerseStudios;

INSERT INTO Games (ID, Nome, Plataformas_id)
VALUES
(1, "Shadow of the Nebula", 9),
(2, "Mystic Realms: The Forgotten Kingdom", 3),
(3, "Echoes of Atlantis", 5),
(4, "Warrior's Path: The Seven Trials", 9),
(5, "Galactic Farmers", 2),
(6, "Veil of Shadows", 8),
(7, "Chrono Knights", 7),
(8, "Pirate's Legacy: The Lost Treasure", 9),
(9, "Dreamscape Architects", 1),
(10, "Titanium Blade: War of the Ancients", 3),
(11, "Chronicles of Eldoria", 4),
(12, "City Life Simulator", 2),
(13, "Farm Dream: Harvest Season", 9),
(14, "Roller Coaster Tycoon", 8),
(15, "Retro Mania", 7),
(16, "Galaxy Odyssey: War of Stars", 1),
(17, "Color Splash", 3),
(18, "Kingdom Defender", 5),
(19, "Dark Abyss: The Lost Souls", 9),
(20, "Warriors of Valor", 6),
(21, "Robo Rumble: Mech Mayhem", 8),
(22, "Soccer Champions", 4),
(23, "Neon Racers", 7),
(24, "Puzzle Palace", 1),
(25, "Family Fiesta", 5),
(26, "Skybound: The Great Expedition", 2),
(27, "Shadow Arena", 3),
(28, "Roller Coaster Tycoon", 6),
(29, "Cyber Ninja", 9),
(30, "Zombie Apocalypse: Final Stand", 1),
(31, "Phantom Shroud", 3),
(32, "Shadowblade", 4),
(33, "Whispers of the Abyss", 7),
(34, "Chaos Domination", 5),
(35, "Files of Mistery", 2),
(36, "Cult of the Ghost Shroud", 8),
(37, "Sports Heroes: World Tournament", 6),
(38, "Turbo Drift: Street Racing", 1),
(39, "Alien Gods", 4),
(40, "Ancestors", 7),
(41, "Time Detective", 5),
(42, "Kinho's Adventures", 2),
(43, "Layla: The Princess of Osíris", 3),
(44, "The Lost Aviator", 6),
(45, "Wraith's Gambit", 1),
(46, "Veil of Shadows", 8),
(47, "Hero's Journey: The Lost Artifacts", 5),
(48, "Speed Demons: Road Warriors", 2),
(49, "Puzzle Kingdom: The Great Escape", 4),
(50, "Ultimate Strikers", 7),
(51, "Grand Slam Legends", 3),
(52, "Super Bowl Showdown", 8),
(53, "Championship Runners", 6),
(54, "BMX Thrills", 2),
(55, "Cricket Champions", 9)
;

INSERT INTO Plataformas (ID, Nome, Fabricante, Tipo)
VALUES
(1, 'PlayStation 5', 'Sony', 'Console'),
(2, 'PlayStation 4', 'Sony', 'Console'),
(3, 'Xbox Series X/S', 'Microsoft', 'Console'),
(4, 'Xbox One', 'Microsoft', 'Console'),
(5, 'Nintendo Switch', 'Nintendo', 'Console'),
(6, 'Wii U', 'Nintendo', 'Console'),
(7, 'PC', 'Diversos', 'Computador'),
(8, 'iOS', 'Apple', 'Sistema Operacional'),
(9, 'VR', 'Diversos', 'Realidade Virtual')
;

INSERT INTO Conteudo (ID, Tipo_Conteudo)
VALUES
(1, "Jogo Completo"),
(2, "Pacote do Jogo"),
(3, "Expansão"),
(4, "Personagem"),
(5, "Roupas"),
(6, "Itens"),
(7, "Mapa"),
(8, "Passe de Temporada"),
(9, "Veículo"),
(10, "Moeda Virtual")
;

INSERT INTO CategoriaGeneros (ID, Nome)
VALUES
(1, "Ação"),
(2, "Aventura"),
(3, "RPG"),
(4, "Tiro"),
(5, "Simulação"),
(6, "Arcade"),
(7, "Casual"),
(8, "Estratégia"),
(9, "Esporte"),
(10, "Corrida"),
(11, "Quebra-cabeça"),
(12, "Família"),
(13, "Luta"),
(14, "Multijogador"),
(15, "Indie"),
(16, "Terror")
;

INSERT INTO Loja (ID, Busca)
VALUES
(1, 'Shadow of the Nebula, Espaço, Sci-fi, Aventura, Exploração'),
(2, 'Mystic Realms: The Forgotten Kingdom, Magia, Fantasia, Reino, RPG'),
(3, 'Echoes of Atlantis, Atlântida, Mito, Aventura, Exploração'),
(4, 'Warrior\'s Path: The Seven Trials, Guerra, RPG, Estratégia, Luta'),
(5, 'Galactic Farmers, Simulação, Agricultura, Espaço, Casual'),
(6, 'Veil of Shadows, Terror, Aventura, Sombrio, Mistério'),
(7, 'Chrono Knights, Viagem no Tempo, RPG, Cavaleiros, Ação'),
(8, 'Pirate\'s Legacy: The Lost Treasure, Piratas, Aventura, Tesouro, Navegação'),
(9, 'Dreamscape Architects, Simulação, Construção, Criatividade, Casual'),
(10, 'Titanium Blade: War of the Ancients, Ação, RPG, Luta, Fantasia'),
(11, 'Chronicles of Eldoria, RPG, Fantasia, Aventura, Reinos'),
(12, 'City Life Simulator, Simulação, Cidade, Estratégia, Gestão'),
(13, 'Farm Dream: Harvest Season, Simulação, Agricultura, Casual, Fazenda'),
(14, 'Roller Coaster Tycoon, Simulação, Parque de Diversões, Construção, Gestão'),
(15, 'Retro Mania, Arcade, Nostalgia, Ação, Casual'),
(16, 'Galaxy Odyssey: War of Stars, Espaço, Aventura, Sci-fi, Estratégia'),
(17, 'Color Splash, Quebra-cabeça, Casual, Criatividade, Arte'),
(18, 'Kingdom Defender, Ação, Defesa de Torre, Fantasia, Estratégia'),
(19, 'Dark Abyss: The Lost Souls, Terror, Aventura, Exploração, Mistério'),
(20, 'Warriors of Valor, Ação, Luta, RPG, Heróis'),
(21, 'Robo Rumble: Mech Mayhem, Robôs, Ação, Luta, Sci-fi'),
(22, 'Soccer Champions, Esporte, Futebol, Competição, Multijogador'),
(23, 'Neon Racers, Corrida, Ação, Futurismo, Arcade'),
(24, 'Puzzle Palace, Quebra-cabeça, Criatividade, Família, Casual'),
(25, 'Family Fiesta, Família, Casual, Diversão, Multijogador'),
(26, 'Skybound: The Great Expedition, Aventura, Exploração, Voo, Mundo Aberto'),
(27, 'Shadow Arena, Ação, Multijogador, Combate, Tática'),
(28, 'Cyber Ninja, Ação, Stealth, Futurismo, Luta'),
(29, 'Zombie Apocalypse: Final Stand, Terror, Ação, Sobrevivência, Apocalipse'),
(30, 'Phantom Shroud, Mistério, Terror, Aventura, Sobrenatural'),
(31, 'Shadowblade, Ação, Luta, Ninja, Stealth'),
(32, 'Whispers of the Abyss, Terror, Mistério, Aventura, Submarino'),
(33, 'Chaos Domination, Estratégia, Ação, Multijogador, Competição'),
(34, 'Files of Mystery, Mistério, Investigação, Aventura, Puzzles'),
(35, 'Cult of the Ghost Shroud, Terror, Mistério, Aventura, Culto'),
(36, 'Sports Heroes: World Tournament, Esporte, Competição, Multijogador, Torneio'),
(37, 'Turbo Drift: Street Racing, Corrida, Ação, Arcade, Adrenalina'),
(38, 'Alien Gods, Sci-fi, Ação, RPG, Mistério'),
(39, 'Ancestors, História, Aventura, RPG, Exploração'),
(40, 'Time Detective, Aventura, Investigação, Viagem no Tempo, Puzzles'),
(41, 'Kinho\'s Adventures, Aventura, Família, Casual, Exploração'),
(42, 'Layla: The Princess of Osíris, Fantasia, RPG, Aventura, Mitologia'),
(43, 'The Lost Aviator, Aventura, Exploração, Simulação, Voo'),
(44, 'Wraith\'s Gambit, Mistério, Ação, Stealth, Sobrenatural'),
(45, 'Hero\'s Journey: The Lost Artifacts, RPG, Aventura, Fantasia, Exploração'),
(46, 'Speed Demons: Road Warriors, Corrida, Ação, Arcade, Competição'),
(47, 'Puzzle Kingdom: The Great Escape, Quebra-cabeça, Estratégia, Aventura, Criatividade'),
(48, 'Ultimate Strikers, Esporte, Futebol, Competição, Multijogador'),
(49, 'Grand Slam Legends, Esporte, Tênis, Competição, Multijogador'),
(50, 'Super Bowl Showdown, Esporte, Futebol Americano, Competição, Multijogador'),
(51, 'Championship Runners, Esporte, Corrida, Competição, Atletismo'),
(52, 'BMX Thrills, Esporte, Bicicleta, Corrida, Adrenalina'),
(53, 'Cricket Champions, Esporte, Cricket, Competição, Multijogador'),
(54, 'BMX Thrills, Esporte, Bicicleta, Corrida, Adrenalina'),
(55, 'Cricket Champions, Esporte, Cricket, Competição, Multijogador')
;

INSERT INTO Carrinho_de_Compras (ID, Data_Ultima_Atualizacao, Status, Total)
VALUES
(1, NOW(), 'Ativo', 150.75),
(2, NOW(), 'Finalizado', 300.00),
(3, NOW(), 'Cancelado', 50.00),
(4, NOW(), 'Ativo', 120.20),
(5, NOW(), 'Finalizado', 75.50),
(6, NOW(), 'Abandonado', 0.00),
(7, NOW(), 'Ativo', 220.80),
(8, NOW(), 'Finalizado', 185.00),
(9, NOW(), 'Ativo', 350.00),
(10, NOW(), 'Cancelado', 60.30),
(11, NOW(), 'Abandonado', 100.00),
(12, NOW(), 'Ativo', 210.10),
(13, NOW(), 'Finalizado', 125.75),
(14, NOW(), 'Cancelado', 45.20),
(15, NOW(), 'Abandonado', 80.50),
(16, NOW(), 'Ativo', 300.00),
(17, NOW(), 'Finalizado', 89.99),
(18, NOW(), 'Abandonado', 0.00),
(19, NOW(), 'Ativo', 180.50),
(20, NOW(), 'Finalizado', 245.30),
(21, NOW(), 'Cancelado', 78.60),
(22, NOW(), 'Ativo', 320.45),
(23, NOW(), 'Finalizado', 150.00),
(24, NOW(), 'Abandonado', 25.00),
(25, NOW(), 'Ativo', 270.75),
(26, NOW(), 'Finalizado', 190.40),
(27, NOW(), 'Cancelado', 0.00),
(28, NOW(), 'Ativo', 160.30),
(29, NOW(), 'Finalizado', 210.90),
(30, NOW(), 'Abandonado', 55.80),
(31, NOW(), 'Ativo', 340.60),
(32, NOW(), 'Finalizado', 130.50),
(33, NOW(), 'Cancelado', 0.00),
(34, NOW(), 'Ativo', 295.20),
(35, NOW(), 'Finalizado', 245.10),
(36, NOW(), 'Abandonado', 110.00),
(37, NOW(), 'Ativo', 375.75),
(38, NOW(), 'Finalizado', 200.60),
(39, NOW(), 'Cancelado', 30.40),
(40, NOW(), 'Ativo', 185.20),
(41, NOW(), 'Finalizado', 220.00),
(42, NOW(), 'Abandonado', 0.00),
(43, NOW(), 'Ativo', 400.10),
(44, NOW(), 'Finalizado', 175.50),
(45, NOW(), 'Cancelado', 90.30),
(46, NOW(), 'Ativo', 360.00),
(47, NOW(), 'Finalizado', 215.40),
(48, NOW(), 'Abandonado', 0.00),
(49, NOW(), 'Ativo', 250.00),
(50, NOW(), 'Finalizado', 295.80),
(51, NOW(), 'Cancelado', 65.10),
(52, NOW(), 'Ativo', 180.90),
(53, NOW(), 'Finalizado', 310.00),
(54, NOW(), 'Abandonado', 40.50),
(55, NOW(), 'Cancelado', 0.00)
;

INSERT INTO Usuarios (ID, Nome, Data_nascimento, Pais_Regiao, Idioma, Endereco, ID_Online, Email, Senha, Forum_id)
VALUES
(1, 'Emily Davis', '2003-07-14', 'Canadá', 'English', '752 Maple St, Toronto, M4Y 2W5', 'QuantumEcho_92', 'emily.d23@outlook.com', '28k3Epyh..ttt', 3),
(2, 'Manuel Silva', '1988-11-23', 'Brasil', 'Português', 'Av. Paulista, 1578, São Paulo, 01310-200', 'NebulaVoyager_47591', 'michael.johnson_591@yahoo.com.br', 'achSTTcg19h', 1),
(3, 'Olivia White', '2005-03-09', 'Estados Unidos', 'English', '309 Elm St, Springfield, 62704', 'olivia_white867', 'olivia.white_867@mail.com', '-500i(4qJN)', 6),
(4, 'James Brown', '1990-12-15', 'Reino Unido', 'English', '872 Oak St, London, SW1A 1AA', 'StellarJukeBox_88', 'james.brown_214@outlook.com', ';61v7Msvxjb', 4),
(5, 'Sofia Teirā', '2002-05-20', 'Japão', '日本語', '1 Chome-1-2 Oshiage, Sumida City, Tokyo 131-0045', 'SofiaStar_12', 'sophia.taylor_765@gmail.com', 'b/35p!pEw9s8', 2),
(6, 'Lucas Müller', '1995-08-12', 'Alemanha', 'Deutsch', 'Unter den Linden 77, 10117 Berlin', 'LumiMüller_88', 'derlis9346@yahoo.com.de', 'Chupapá02', 5),
(7, 'Anna Rossi', '2004-11-03', 'Itália', 'Italiano', 'Via Vittorio Emanuele, 80045 Pompeii', 'anna_rossi324', 'chafi6863@yaho.com', '/n8*G3bk;', 4),
(8, 'Hiroshi Nakamura', '1997-09-22', 'Japão', '日本語', '3 Chome-3-1 Dogenzaka, Shibuya City, Tokyo 150-0043', 'HiroFusion_59', 'hiroshi.nakamura_839@gmail.com', 'Cha2214*', 1),
(9, 'Isabella Fernández', '2003-02-14', 'Espanha', 'Español', 'Calle Gran Vía, 28, 28013 Madrid', 'BellaZest', 'torben6377@outlook.com.es', '?5yyM258i9', 5),
(10, 'David García', '1985-01-19', 'México', 'Español', 'Av. Paseo de la Reforma 305, 06500 Ciudad de México', 'david_garcía973', 'azmina41@gmail.com', 'Chacakan92%', 2),
(11, 'Liu Wei', '1992-12-01', 'China', '中文', '16 Dongzhimen Outer St, Dongcheng, Beijing, 100027', '风影_27', 'flowers_134@gmail.com', 'lw453/p!Sr', 6),
(12, 'Maria Oliveira', '2004-03-08', 'Brasil', 'Português', 'Rua das Flores, 435, Curitiba, 80030-000', 'Princesa_Galática69', 'maria.oliveira_642outlook.com.br', 'mariaPG#74', 3),
(13, 'Tomás Sánchez', '2001-07-25', 'Argentina', 'Español', 'Av. 9 de Julio, 1150, Buenos Aires', 'TomazoBlaze24', 'yazo6@yahoo.com.ar', 'hq368$', 1),
(14, 'Mehmet Yılmaz', '1998-06-17', 'Turquia', 'Türkçe', 'İstiklal Cd. No:192, 34433 Beyoğlu/İstanbul', 'mykedi-tükenmez', 'mehmet.yilmaz_314@gmail.com', 'Mymeh/987*', 2),
(15, 'Amelie Dubois', '1996-04-10', 'França', 'Français', '15 Rue de Rivoli, 75001 Paris', 'BlondeGénéreuse*BV', 'amelie.dubois_873@outlook.fr', 'sd(98f)8z2', 4),
(16, 'Yuri Petrov', '1989-05-23', 'Rússia', 'Русский', 'Tverskaya St, 12, Moscow, 125009', 'путешественник_аналитик01', 'yuri.petrov@gmail.com', '~hw/4c75)luz', 6),
(17, 'Park Jin', '2000-10-15', 'Coreia do Sul', '한국인', 'Gangnam-daero, Seocho-gu, Seoul', '@CyberNinja', 'jin.park_75@outlook.com', '7hp30yv7-w3', 5),
(18, 'Clara Schmidt', '2002-01-28', 'Alemanha', 'Deutsch', 'Münchener Str. 3, 80331 Munich', 'CS_Schönheit20', 'jugita5240@gmail.com', 'dpf177vv2r', 3),
(19, 'Samantha Lee', '1997-09-05', 'Canadá', 'English', '1234 King St, Toronto, M5V 1E9', 'SamiL_Whirlwind', 'mariann7728@gmail.com', 'u17rE!81pi7i', 1),
(20, 'Juan Pérez', '2003-12-20', 'México', 'Español', 'Calle 16 de Septiembre 82, Centro, 06000 Ciudad de México', 'J_PoderTango89', 'juan.perez_634@yahoo.com.mx', 'cuc?0i82gj+p', 2),
(21, 'Fiona Clark', '2001-02-14', 'Austrália', 'English', '456 Queen St, Brisbane, QLD 4000', 'FionaFrostbite', 'linnia811@outlook.com.au', 't6&Jf(9@k^1l', 4),
(22, 'Viktor Kovács', '1993-11-18', 'Hungria', 'Magyar', 'Andrássy út 22, 1061 Budapest', 'Vik_Villámcsapás', 'viktor.kovacs_273@yahoo.hu', '7*md!Y^0$4/z', 6),
(23, 'Paulo Souza', '1987-08-30', 'Brasil', 'Português', 'Rua da Consolação, 2403, São Paulo, 01301-100', 'ETdeVarginha', 'paulo.souza_512@gmail.com', 'r&^s3B!2(qL', 5),
(24, 'Nina Rossi', '2005-05-11', 'Itália', 'Italiano', 'Corso Umberto I, 175, Napoli, 80138', 'NinaNesso7', 'macarron870@gmail.com', 'w$2#r8Zn)@y', 3),
(25, 'Ali Khan', '2002-08-07', 'Paquistão', 'اردو', 'Main Blvd Gulberg, Lahore, Punjab', 'Ali_Vortex99', 'ali.khan_483@yahoo.pk', 'x#7^K5@G(2b', 1),
(26, 'Gabriela Rodríguez', '1999-07-29', 'Chile', 'Español', 'Av. Providencia 1806, Santiago', 'Gaby_RadicalQ', 'vanina@gmail.com', 'L^8y!f7*4@z', 2),
(27, 'Pierre Lefevre', '1995-02-12', 'França', 'Français', '5 Rue de Rennes, 75006 Paris', 'Pierre_EclipseX', 'pierre-lefevre@outlook.fr', 'm^3q$P9@5', 5),
(28, 'Daisuke Tanaka', '1984-11-21', 'Japão', '日本語', '4 Chome-2-8 Roppongi, Minato City, Tokyo 106-0032', 'DT-Starblade96', 'daisuke.tanaka@outlook.jp', 'T6jF9k_L1', 4),
(29, 'Hannah Müller', '2002-06-24', 'Alemanha', 'Deutsch', 'Friedrichstr. 58, 10117 Berlin', 'DeutscherTraum#HM123', 'husam54@gmail.com', '6B@#z4&!r^L', 6),
(30, 'Carlos Mendez', '1991-10-02', 'Colômbia', 'Español', 'Carrera 7, 14-60, Bogotá', 'CarlosMendez586', 'carlos.mendez_58@yahoo.com.co', 'c*8!R7$w^2', 5),
(31, 'Keiko Yamamoto', '2001-03-17', 'Japão', '日本語', '1 Chome-1-6 Shibuya, Shibuya City, Tokyo 150-0002', 'keiko683', 'herbal320@gmail.com', '^s9M!4&@b#1', 3),
(32, 'Diego Castillo', '1998-07-08', 'Espanha', 'Español', 'Calle Alcalá, 476, 28027 Madrid', 'RiderTormenta_007', 'dcastillo@gamil.com', '4g$^p7*9@b', 2),
(33, 'Tanya Ivanova', '2003-09-29', 'Rússia', 'Русский', 'Bolshaya Dmitrovka St, 8/5, Moscow, 125009', 'Tanya-Ivanova84', 'mana7281@yahoo.com.ru', 'j7&^T2!l$3Z', 6),
(34, 'Rafael Pereira', '1989-11-15', 'Brasil', 'Português', 'Rua XV de Novembro, 1338, Curitiba, 80060-000', 'Doninha-Sombria', 'hara2h3y@outlook.com', 'r!2#6@w^8f', 4),
(35, 'Anastasia Popova', '1994-04-22', 'Rússia', 'Русский', 'Nevsky Prospekt, 30, Saint Petersburg, 191186', 'anastasia_popova598', 'anastasia.popova@yahoo.com', '5^q@8!r$6B', 1),
(36, 'Nadia Abidi', '1999-12-05', 'Marrocos', 'عربي', 'Boulevard Moulay Youssef, Rabat', 'Nadia_Rohaniya473', 'venerando41@gmail.com', '@8^L!2*r$7', 5),
(37, 'Luca Romano', '2004-10-31', 'Itália', 'Italiano', 'Via Veneto, 155, 00187 Roma', 'luca_romano138', 'l.romano_138@yahoo.com', '6$@9!^L#r2', 3),
(38, 'Xiao Li', '2000-08-11', 'China', '中文', 'Wangfujing St, Dongcheng, Beijing, 100006', '师傅-李_XY', 'xiao.li_283@yahoo.com.cn', 'M7dY04z!', 6),
(39, 'Sophia Cruz', '2002-09-07', 'Portugal', 'Português', 'Rua Augusta, 215, 1100-048 Lisboa', 'sophia_cruz872', 'valesverdes@outlook.com.pt', 'M7dY04z!', 2),
(40, 'Aiden O\'Reilly', '1997-03-14', 'Irlanda', 'English', 'O\'Connell Street, Dublin 1', 'aiden_oreilly483', 'janellas27@gmail.com', 'B4zR8L@', 4),
(41, 'Zara Patel', '2005-01-20', 'Índia', 'हिन्दी', 'Connaught Place, New Delhi, 110001', 'zara_patel729', 'z.patel@yahoo.com.in', 's9M4b1#', 1),
(42, 'Luis Costa', '2003-11-09', 'Brasil', 'Português', 'Rua dos Andradas, 1236, Porto Alegre, 90020-008', 'luis_costa358', 'mamutes868@gmail.com', 'luis/*m9a2mu8',5),
(43, 'Chen Wang', '1993-12-19', 'China', '中文', 'Tiananmen Square, Dongcheng, Beijing, 100006', 'chen_wang658', 'chenwang_8@yahoo.com.cn', 'rabdaru42@*', 6),
(44, 'Santiago Rojas', '1990-02-25', 'Chile', 'Español', 'Av. Libertador Bernardo O\'Higgins, 227, Santiago', 'santiagorojas79@gmail.com', 'santiago.rojas_793@example.cl', 'T6jF9k_L1$@8R', 3),
(45, 'Eva Novak', '2004-05-12', 'Áustria', 'Deutsch', 'Kärntner Strasse 34, 1010 Vienna', 'eva_novak684', 'miha41@gmail.com', 'M7dY04z!@#B5', 2),
(46, 'George Wilson', '1995-07-20', 'Austrália', 'English', 'George St, Sydney NSW 2000', 'george_wilson287', 'george.wilson_287@yahoo.com.au', 'X7KG2b#8^Q4', 4),
(47, 'Hana Al-Masri', '2002-12-08', 'Arábia Saudita', 'عربي', 'King Fahd Rd, Riyadh 12212', 'hana_almasri594', 'hana.almasri_594@yahoo.com.sa', 'L8yF7z$@3G9', 5),
(48, 'Kim Min-Ji', '1998-11-04', 'Coreia do Sul', '한국인', 'Teheran-ro, Gangnam-gu, Seoul', 'kim_minji392', 'kim.minji_392@outlook.com.kr', 'm3P9Q5&^L6@', 6),
(49, 'Ahmed Hassan', '1997-02-16', 'Egito', 'عربي', 'Tahrir Square, Downtown Cairo, Cairo Governorate', 'ahmed_hassan817', 'ahmed.hassan_817@gmail.com', 'B4zR8L@9^f2', 1),
(50, 'Maya Nguyen', '2005-03-21', 'Vietnã', 'tiếng Việt', 'Tràng Tiền St, Hoan Kiem, Hanoi', 'maya_nguyen365', 'maya.nguyen_365@yahoo.com.vn', 'c8R7w*2$Q1', 2),
(51, 'Yasmin Abubakar', '1991-06-25', 'Nigéria', 'English', 'Victoria Island, Lagos, 101241', 'yasmin_abubakar517', 'ybubakar_51@yahoo.com.ng', 's9M4b1#&@G', 2),
(52, 'Sebastián Vargas', '2002-04-18', 'Colômbia', 'Español', 'Calle 19, 4-65, Bogotá', 'sebastian_vargas329', 'sebastianvargas9@gmail.com', '4gP7b$3^L8', 4),
(53, 'Elena Petrova', '2001-08-29', 'Bulgária', 'български', 'Vitosha Blvd, Sofia 1000', 'elena_petrova483', 'elenapetrova_483@yahoo.com', 'J7T2l3^&$M', 5),
(54, 'Aliya Rahman', '1996-09-13', 'Bangladesh', 'বাংলা', 'Gulshan Avenue, Dhaka 1212', 'aliya_rahman643', 'aliya.rahman_643@outlook.com', 'r2w8f!@#L7', 6),
(55, 'Victor Hernandez', '1988-12-05', 'Espanha', 'Español', 'Passeig de Gràcia, 43, 08007 Barcelona', 'victor_hernandez752', 'vic_hernandez52@gmail.com', '8m4B5@9^Q2', 1)
;

INSERT INTO Ofertas (ID, Tipo_Oferta, Valor_Desconto, Percentual_Desconto, Jogo_Aplicavel, Descricao)
VALUES
(1, 'Desconto em Pacote', 20.00, 10.00, 1, 'Desconto de 10% em pacotes de jogos.'),
(2, 'Promoção Especial', 50.00, 15.00, 2, '15% de desconto em todas as compras especiais.'),
(3, 'Desconto de Fim de Ano', 30.00, 25.00, 3, '25% de desconto em compras de fim de ano.'),
(4, 'Oferta de Lançamento', 40.00, 5.00, 4, '5% de desconto para o lançamento de novos jogos.'),
(5, 'Desconto de Pacote', 60.00, 20.00, 5, '20% de desconto ao comprar pacotes de jogos.'),
(6, 'Promoção de Verão', 35.00, 30.00, 6, '30% de desconto na promoção de verão.'),
(7, 'Desconto Exclusivo', 45.00, 10.00, 7, '10% de desconto em jogos exclusivos.'),
(8, 'Desconto em Assinatura', 25.00, 15.00, 8, '15% de desconto em assinaturas de jogos.'),
(9, 'Desconto em Jogo Popular', 55.00, 20.00, 9, '20% de desconto em jogos populares.'),
(10, 'Promoção de Aniversário', 50.00, 25.00, 10, '25% de desconto em jogos durante a promoção de aniversário.')
;

INSERT INTO Recompensas (ID, Tipo_Recompensa, Descricao)
VALUES
(1, 'Desconto', 'Desconto de 20% na compra do próximo jogo'),
(2, 'Conteúdo Exclusivo', 'Acesso antecipado a DLCs e pacotes de expansão'),
(3, 'Moeda Virtual', '500 moedas virtuais para usar em qualquer jogo da loja'),
(4, 'Avatar Especial', 'Avatar exclusivo para usar no perfil de usuário'),
(5, 'Experiência Extra', 'Bônus de 50% em experiência para jogos RPG'),
(6, 'Skin Exclusiva', 'Skin especial para personagens em jogos de ação'),
(7, 'Item Raro', 'Receba um item raro para jogos de estratégia'),
(8, 'Passe de Batalha', 'Passe de batalha gratuito para a próxima temporada'),
(9, 'Participação em Beta', 'Acesso ao beta fechado de jogos futuros'),
(10, 'Pontos de Fidelidade', '1000 pontos de fidelidade para trocas futuras'),
(11, 'Personagem Especial', 'Desbloqueie um personagem exclusivo em jogos de luta'),
(12, 'Habilidade de Personagem', 'Habilidade adicional para personagens em jogos de RPG')
;

INSERT INTO Forum (ID, Topicos, Categorias, Postagens, Respostas, Moderacao, Mensagens, Citacoes, Reacoes, Notificacoes, Busca, Multimidia, Formatacao_de_texto, Configuracoes)
VALUES
(1, 'Dúvidas de Jogos', 'Perguntas e Respostas', 'Discussões sobre problemas e soluções em jogos', 'Respostas a perguntas de outros jogadores', 'Controle e aprovação de conteúdos', 'Comunicação direta entre jogadores', 'Referências a mensagens e postagens', 'Curtidas e reações em postagens', 'Alertas sobre novas atividades e respostas', 'Busca por tópicos e perguntas', 'Imagens e vídeos de gameplay', 'Opções de formatação para mensagens', 'Configurações de visualização e notificações'),
(2, 'Novidades de Lançamentos', 'Novos Jogos e Updates', 'Informações sobre lançamentos e atualizações de jogos', 'Comentários sobre novidades e mudanças', 'Moderação de postagens sobre lançamentos', 'Mensagens sobre novos jogos', 'Referências a atualizações e novidades', 'Reações a lançamentos e atualizações', 'Notificações sobre novos lançamentos', 'Busca por informações sobre jogos novos', 'Imagens e trailers de novos jogos', 'Formatação para discussões de lançamentos', 'Configurações de atualizações de jogos'),
(3, 'Guias e Tutoriais', 'Dicas e Estratégias', 'Guias completos e tutoriais de jogos', 'Dúvidas e soluções de estratégias', 'Moderação de guias e tutoriais', 'Mensagens sobre dicas e truques', 'Citações e referências de guias', 'Reações e feedback sobre tutoriais', 'Notificações sobre novos guias e dicas', 'Busca por tutoriais e estratégias', 'Vídeos e imagens de tutoriais', 'Formatação para guias e dicas', 'Configurações de fóruns de tutoriais'),
(4, 'Competição e Torneios', 'Eventos e Competições', 'Informações sobre torneios e competições de jogos', 'Discussões sobre resultados e estratégias de competições', 'Moderação de eventos e torneios', 'Mensagens sobre competições e resultados', 'Citações de partidas e torneios', 'Reações a eventos de competição', 'Notificações sobre novos torneios', 'Busca por informações de eventos', 'Vídeos e imagens de competições', 'Formatação para discussões de torneios', 'Configurações de fóruns de competições'),
(5, 'Feedback e Sugestões', 'Melhorias e Opiniões', 'Discussões sobre melhorias e feedback dos jogos', 'Comentários e sugestões de outros jogadores', 'Moderação de feedback e sugestões', 'Mensagens sobre melhorias propostas', 'Referências a feedbacks e sugestões', 'Reações a opiniões e propostas', 'Notificações sobre feedback recebido', 'Busca por sugestões e opiniões', 'Imagens e vídeos relacionados a sugestões', 'Formatação para feedbacks e sugestões', 'Configurações de fórum de feedback'),
(6, 'Bug Reports e Suporte', 'Problemas e Soluções', 'Relatos de bugs e problemas técnicos', 'Resolução de problemas reportados', 'Moderação de relatórios de bugs', 'Mensagens sobre suporte técnico', 'Referências a relatórios de bugs', 'Reações a soluções de problemas', 'Notificações sobre atualizações de suporte', 'Busca por soluções de bugs', 'Imagens e vídeos de problemas técnicos', 'Formatação para relatórios de bugs', 'Configurações de suporte técnico')
;

INSERT INTO Noticias (ID, Titulo, Subtitulo, Resumo, Conteudo, Autor, Data_publicacao, Data_atualizacao, Imagem_principal, Slug, Status, Visualizacoes, Palavras_chave, Importante)
VALUES
(1, 'Lançamento de "Shadow of the Nebula"', 'Novo jogo de aventura sci-fi lançado', 'O tão aguardado jogo de aventura sci-fi "Shadow of the Nebula" foi lançado.', 'Explore os mistérios cósmicos em "Shadow of the Nebula".', 'João Silva', '2024-08-20', '2024-08-20', 'shadow-nebula.jpg', 'lancamento-shadow-nebula', 'Rascunho', 1024, 'Shadow of the Nebula, Sci-Fi, Lançamento', 0),
(2, 'Novidades em "Mystic Realms: The Forgotten Kingdom"', 'Novas aventuras e conteúdos', 'Descubra as novas aventuras e conteúdos adicionados a "Mystic Realms: The Forgotten Kingdom".', 'Explore as novas aventuras e conteúdos no "Mystic Realms: The Forgotten Kingdom".', 'Ana Costa', '2024-08-19', '2024-08-19', 'mystic-realms.jpg', 'novidades-mystic-realms', 'Em Revisão', 2048, 'Mystic Realms: The Forgotten Kingdom, Aventura, Novidades', 1),
(3, 'Atualização em "Echoes of Atlantis"', 'O que há de novo?', 'Saiba mais sobre as novas atualizações em "Echoes of Atlantis".', 'Veja o que há de novo nas atualizações de "Echoes of Atlantis".', 'Lucas Oliveira', '2024-08-18', '2024-08-18', 'echoes-atlantis.jpg', 'atualizacao-echoes-atlantis', 'Aprovado', 512, 'Echoes of Atlantis, Atualização, Novidades', 0),
(4, 'Guia de Estratégia para "Warrior\'s Path: The Seven Trials"', 'Como vencer as provações', 'Dicas e estratégias para vencer as provações em "Warrior\'s Path: The Seven Trials".', 'Aprenda a vencer as provações em "Warrior\'s Path: The Seven Trials" com este guia de estratégia.', 'Mariana Lima', '2024-08-17', '2024-08-17', 'warriors-path.jpg', 'guia-estrategia-warriors-path', 'Publicado', 768, 'Warrior\'s Path: The Seven Trials, Estratégia, Guia', 0),
(5, 'Review de "Galactic Farmers"', 'O que esperar deste jogo', 'Uma análise detalhada de "Galactic Farmers" e o que esperar do jogo.', 'Veja o que torna "Galactic Farmers" um jogo interessante e o que esperar da experiência.', 'Ricardo Ferreira', '2024-08-16', '2024-08-16', 'galactic-farmers.jpg', 'review-galactic-farmers', 'Arquivado', 1536, 'Galactic Farmers, Review, Jogo', 1),
(6, 'Explorando "Veil of Shadows"', 'Aventura em um mundo sombrio', 'Descubra o mundo sombrio de "Veil of Shadows" e suas aventuras.', 'Explore o mundo de "Veil of Shadows" e suas aventuras intrigantes.', 'Juliana Martins', '2024-08-15', '2024-08-15', 'veil-of-shadows.jpg', 'explorando-veil-of-shadows', 'Deletado', 2048, 'Veil of Shadows, Aventura, Exploração', 0),
(7, 'O que há de novo em "Chrono Knights"', 'Novas funcionalidades e melhorias', 'Veja as novas funcionalidades e melhorias em "Chrono Knights".', 'Acompanhe as últimas novidades e melhorias em "Chrono Knights".', 'Pedro Santos', '2024-08-14', '2024-08-14', 'chrono-knights.jpg', 'novidades-chrono-knights', 'Rascunho', 1024, 'Chrono Knights, Novidades, Melhorias', 0),
(8, 'Lenda dos Piratas: "Pirate\'s Legacy: The Lost Treasure"', 'Uma nova aventura de piratas', 'Desfrute de uma nova aventura no "Pirate\'s Legacy: The Lost Treasure".', 'Explore a nova aventura de piratas em "Pirate\'s Legacy: The Lost Treasure".', 'Fernanda Costa', '2024-08-13', '2024-08-13', 'pirates-legacy.jpg', 'aventura-pirates-legacy', 'Em Revisão', 1536, 'Pirate\'s Legacy: The Lost Treasure, Aventura, Piratas', 1),
(9, 'Novidades em "Dreamscape Architects"', 'O que há de novo?', 'Saiba mais sobre as novidades em "Dreamscape Architects".', 'Veja o que há de novo em "Dreamscape Architects".', 'Eduardo Silva', '2024-08-12', '2024-08-12', 'dreamscape-architects.jpg', 'novidades-dreamscape-architects', 'Aprovado', 768, 'Dreamscape Architects, Novidades, Jogo', 0),
(10, 'Lançamento de "Titanium Blade: War of the Ancients"', 'Novo jogo de ação', 'O novo jogo de ação "Titanium Blade: War of the Ancients" foi lançado.', 'Explore a nova experiência de ação em "Titanium Blade: War of the Ancients".', 'Claudia Ribeiro', '2024-08-11', '2024-08-11', 'titanium-blade.jpg', 'lancamento-titanium-blade', 'Publicado', 2048, 'Titanium Blade: War of the Ancients, Ação, Lançamento', 0),
(11, 'Crônicas de Eldoria: Novidades', 'Atualizações e novas missões', 'Descubra as novas missões e atualizações em "Chronicles of Eldoria".', 'Veja o que há de novo em "Chronicles of Eldoria" com novas missões e atualizações.', 'Bruna Almeida', '2024-08-10', '2024-08-10', 'chronicles-eldoria.jpg', 'novidades-chronicles-eldoria', 'Arquivado', 1024, 'Chronicles of Eldoria, Atualizações, Novidades', 1),
(12, 'Simulador de Vida na Cidade: "City Life Simulator"', 'Dicas e truques', 'Dicas e truques para aproveitar ao máximo "City Life Simulator".', 'Aprenda a aproveitar ao máximo sua experiência em "City Life Simulator".', 'Gabriela Pinto', '2024-08-09', '2024-08-09', 'city-life-simulator.jpg', 'dicas-city-life-simulator', 'Deletado', 768, 'City Life Simulator, Dicas, Truques', 0),
(13, 'Temporada de Colheita em "Farm Dream: Harvest Season"', 'O que esperar', 'Saiba o que esperar da temporada de colheita em "Farm Dream: Harvest Season".', 'Veja as novas adições e o que esperar para a temporada de colheita em "Farm Dream: Harvest Season".', 'Marcos Almeida', '2024-08-08', '2024-08-08', 'farm-dream.jpg', 'temporada-colheita-farm-dream', 'Rascunho', 1024, 'Farm Dream: Harvest Season, Colheita, Temporada', 0),
(14, 'Roller Coaster Tycoon: Novidades e Expansões', 'Novos recursos e expansões', 'Confira as novidades e expansões para "Roller Coaster Tycoon".', 'Explore as novas expansões e recursos disponíveis para "Roller Coaster Tycoon".', 'Ricardo Costa', '2024-08-07', '2024-08-07', 'roller-coaster-tycoon.jpg', 'novidades-roller-coaster-tycoon', 'Em Revisão', 1536, 'Roller Coaster Tycoon, Expansões, Novidades',1),
(15, 'Retro Mania: Novos Desafios', 'O que há de novo?', 'Veja os novos desafios e conteúdos em "Retro Mania".', 'Descubra os novos desafios e conteúdos que foram adicionados a "Retro Mania".', 'Isabela Ribeiro', '2024-08-06', '2024-08-06', 'retro-mania.jpg', 'novos-desafios-retro-mania', 'Aprovado', 768, 'Retro Mania, Desafios, Novidades', 0),
(16, 'Odisséia Galáctica: "Galaxy Odyssey: War of Stars"', 'Novos conteúdos e aventuras', 'Descubra os novos conteúdos e aventuras em "Galaxy Odyssey: War of Stars".', 'Explore as novas aventuras e conteúdos no "Galaxy Odyssey: War of Stars".', 'Daniel Almeida', '2024-08-05', '2024-08-05', 'galaxy-odyssey.jpg', 'novos-conteudos-galaxy-odyssey', 'Publicado', 2048, 'Galaxy Odyssey: War of Stars, Conteúdos, Aventura', 0),
(17, 'Novidades em "Color Splash"', 'Novidades e Desafios', 'Saiba mais sobre as novas cores e desafios em "Color Splash".', 'Descubra as novas cores e os desafios que foram adicionados a "Color Splash".', 'Larissa Martins', '2024-08-04', '2024-08-04', 'color-splash.jpg', 'novidades-color-splash', 'Arquivado', 1024, 'Color Splash, Novidades, Desafios', 0),
(18, 'Novo Modo de Jogo em "Kingdom Defender"', 'Novo modo de jogo', 'Confira o novo modo de jogo em "Kingdom Defender".', 'Explore o novo modo de jogo que foi adicionado a "Kingdom Defender".', 'Felipe Sousa', '2024-08-03', '2024-08-03', 'kingdom-defender.jpg', 'novo-modo-kingdom-defender', 'Deletado', 1536, 'Kingdom Defender, Modo de Jogo, Novidades', 0),
(19, 'Nova História em "Dark Abyss: The Lost Souls"', 'Uma nova história aterrorizante', 'Mergulhe na nova história aterrorizante de "Dark Abyss: The Lost Souls".', 'Explore o mistério sombrio e aterrorizante que envolve "Dark Abyss: The Lost Souls".', 'Júlia Ferreira', '2024-08-02', '2024-08-02', 'dark-abyss.jpg', 'nova-historia-dark-abyss', 'Rascunho', 2048, 'Dark Abyss: The Lost Souls, Terror, História', 0),
(20, 'Atualizações em "Warriors of Valor"', 'Atualizações e Melhoria', 'Saiba mais sobre as atualizações e melhorias em "Warriors of Valor".', 'Confira as atualizações e melhorias que foram implementadas em "Warriors of Valor".', 'André Gomes', '2024-08-01', '2024-08-01', 'warriors-of-valor.jpg', 'atualizacoes-warriors-of-valor', 'Em Revisão', 1024, 'Warriors of Valor, Atualizações, Melhoria', 0),
(21, 'Lançamento de "Robo Rumble: Mech Mayhem"', 'Um novo jogo de robôs em batalha', 'O emocionante jogo "Robo Rumble: Mech Mayhem" está agora disponível.', 'Experimente batalhas épicas de robôs em "Robo Rumble: Mech Mayhem".', 'Carlos Oliveira', '2024-07-31', '2024-07-31', 'robo-rumble.jpg', 'lancamento-robo-rumble', 'Aprovado', 2048, 'Robo Rumble: Mech Mayhem, Robôs, Batalha', 0),
(22, 'Novidades em "Soccer Champions"', 'Atualizações e Melhorias', 'Saiba mais sobre as novas atualizações em "Soccer Champions".', 'Descubra as últimas melhorias e adições no jogo "Soccer Champions".', 'Paula Mendes', '2024-07-30', '2024-07-30', 'soccer-champions.jpg', 'novidades-soccer-champions', 'Publicado', 1024, 'Soccer Champions, Esporte, Atualizações', 0),
(23, 'Atualizações em "Neon Racers"', 'Novas pistas e carros', 'Descubra as novas pistas e carros adicionados em "Neon Racers".', 'Explore as novas pistas e os carros atualizados em "Neon Racers".', 'Bruno Azevedo', '2024-07-29', '2024-07-29', 'neon-racers.jpg', 'atualizacoes-neon-racers', 'Arquivado', 1536, 'Neon Racers, Corrida, Novidades', 0),
(24, 'Novidades em "Puzzle Palace"', 'Novos quebra-cabeças e desafios', 'Explore os novos quebra-cabeças e desafios em "Puzzle Palace".', 'Descubra os novos quebra-cabeças desafiadores em "Puzzle Palace".', 'Carla Gomes', '2024-07-28', '2024-07-28', 'puzzle-palace.jpg', 'novidades-puzzle-palace', 'Deletado', 1024, 'Puzzle Palace, Quebra-cabeça, Novidades', 0),
(25, 'Lançamento de "Family Fiesta"', 'Um jogo para toda a família', 'O novo jogo "Family Fiesta" foi lançado para diversão em família.', 'Desfrute de momentos em família com o jogo "Family Fiesta".', 'Tiago Ramos', '2024-07-27', '2024-07-27', 'family-fiesta.jpg', 'lancamento-family-fiesta', 'Rascunho', 768, 'Family Fiesta, Família, Lançamento', 0),
(26, 'Explorando "Skybound: The Great Expedition"', 'Uma nova aventura nas alturas', 'Descubra a grande expedição em "Skybound: The Great Expedition".', 'Explore o mundo vasto e cheio de aventuras de "Skybound: The Great Expedition".', 'Ana Paula', '2024-07-26', '2024-07-26', 'skybound-expedition.jpg', 'explorando-skybound-expedition', 'Em Revisão', 2048, 'Skybound: The Great Expedition, Aventura, Exploração', 0),
(27, 'Novidades em "Shadow Arena"', 'Novas armas e estratégias', 'Veja as novas armas e estratégias disponíveis em "Shadow Arena".', 'Descubra as novas adições e estratégias para vencer em "Shadow Arena".', 'Rodrigo Pereira', '2024-07-25', '2024-07-25', 'shadow-arena.jpg', 'novidades-shadow-arena', 'Aprovado', 1536, 'Shadow Arena, Armas, Estratégias', 0),
(28, 'Atualizações em "Cyber Ninja"', 'Novos movimentos e habilidades', 'Saiba mais sobre as novas habilidades de combate em "Cyber Ninja".', 'Domine novos movimentos e habilidades no jogo "Cyber Ninja".', 'Mariana Torres', '2024-07-24', '2024-07-24', 'cyber-ninja.jpg', 'atualizacoes-cyber-ninja', 'Publicado', 1024, 'Cyber Ninja, Combate, Habilidades', 0),
(29, 'Novo Modo de Jogo em "Zombie Apocalypse: Final Stand"', 'Sobreviva ao apocalipse zumbi', 'Descubra o novo modo de sobrevivência em "Zombie Apocalypse: Final Stand".', 'Enfrente hordas de zumbis no novo modo de jogo de "Zombie Apocalypse: Final Stand".', 'Joana Lima', '2024-07-23', '2024-07-23', 'zombie-apocalypse.jpg', 'novo-modo-zombie-apocalypse', 'Arquivado', 2048, 'Zombie Apocalypse: Final Stand, Zumbis, Sobrevivência', 0),
(30, 'Explorando "Phantom Shroud"', 'Mistérios e suspense aguardam', 'Descubra os mistérios envolventes em "Phantom Shroud".', 'Explore o suspense e os enigmas em "Phantom Shroud".', 'Fernando Nunes', '2024-07-22', '2024-07-22', 'phantom-shroud.jpg', 'explorando-phantom-shroud', 'Deletado', 1024, 'Phantom Shroud, Mistério, Suspense', 0),
(31, 'Novidades em "Shadowblade"', 'Novas armas e missões', 'Saiba mais sobre as novas armas e missões em "Shadowblade".', 'Descubra as últimas adições em armas e missões em "Shadowblade".', 'Laura Fernandes', '2024-07-21', '2024-07-21', 'shadowblade.jpg', 'novidades-shadowblade', 'Rascunho', 1536, 'Shadowblade, Armas, Missões', 0),
(32, 'Mistérios em "Whispers of the Abyss"', 'Descubra os segredos ocultos', 'Desvende os segredos sombrios em "Whispers of the Abyss".', 'Explore os mistérios ocultos em "Whispers of the Abyss".', 'Marta Rocha', '2024-07-20', '2024-07-20', 'whispers-abyss.jpg', 'misterios-whispers-abyss', 'Em Revisão', 1024, 'Whispers of the Abyss, Mistério, Segredos', 0),
(33, 'Domine o Caos em "Chaos Domination"', 'Estratégias para vencer', 'Saiba como dominar o caos em "Chaos Domination".', 'Descubra estratégias para vencer em "Chaos Domination".', 'Gustavo Cardoso', '2024-07-19', '2024-07-19', 'chaos-domination.jpg', 'domine-caos-chaos-domination', 'Aprovado', 2048, 'Chaos Domination, Estratégia, Caos', 0),
(34, 'Mistérios em "Files of Mystery"', 'Desvende os casos misteriosos', 'Descubra e resolva os casos mais intrigantes em "Files of Mystery".', 'Investigue os casos misteriosos e desvende a verdade em "Files of Mystery".', 'Patrícia Duarte', '2024-07-18', '2024-07-18', 'files-mystery.jpg', 'misterios-files-mystery', 'Publicado', 1024, 'Files of Mystery, Mistério, Investigação', 0),
(35, 'Explorando "Cult of the Ghost Shroud"', 'Um mundo de mistérios sombrios', 'Descubra o mundo sombrio de "Cult of the Ghost Shroud".', 'Explore os segredos e o mistério de "Cult of the Ghost Shroud".', 'Leonardo Cunha', '2024-07-17', '2024-07-17', 'cult-ghost-shroud.jpg', 'explorando-cult-ghost-shroud', 'Arquivado', 1536, 'Cult of the Ghost Shroud, Mistério, Sombra', 0),
(36, 'Novidades em "Sports Heroes: World Tournament"', 'Atualizações e torneios', 'Saiba mais sobre os torneios e as atualizações em "Sports Heroes: World Tournament".', 'Participe de torneios e descubra as atualizações em "Sports Heroes: World Tournament".', 'Camila Nascimento', '2024-07-16', '2024-07-16', 'sports-heroes.jpg', 'novidades-sports-heroes', 'Deletado', 1024, 'Sports Heroes: World Tournament, Esporte, Torneio', 0),
(37, 'Velocidade e Adrenalina em "Turbo Drift: Street Racing"', 'Novos carros e pistas', 'Descubra os novos carros e pistas em "Turbo Drift: Street Racing".', 'Experimente a adrenalina de correr nas novas pistas de "Turbo Drift: Street Racing".', 'Aline Souza', '2024-07-15', '2024-07-15', 'turbo-drift.jpg', 'novidades-turbo-drift', 'Rascunho', 2048, 'Turbo Drift: Street Racing, Corrida, Adrenalina', 0),
(38, 'Descubra os Mistérios em "Alien Gods"', 'Uma nova aventura no espaço', 'Explore os mistérios e segredos dos deuses alienígenas em "Alien Gods".', 'Descubra os segredos dos deuses alienígenas em "Alien Gods".', 'Vinícius Rocha', '2024-07-14', '2024-07-14', 'alien-gods.jpg', 'descubra-misterios-alien-gods', 'Em Revisão', 1024, 'Alien Gods, Mistério, Aventura', 0),
(39, 'Explorando o Passado em "Ancestors"', 'Histórias antigas e segredos', 'Reviva histórias antigas e descubra segredos em "Ancestors".', 'Mergulhe na história e nos segredos dos seus ancestrais em "Ancestors".', 'Sofia Ribeiro', '2024-07-13', '2024-07-13', 'ancestors.jpg', 'explorando-passado-ancestors', 'Aprovado', 1536, 'Ancestors, História, Segredos', 0),
(40, 'Aventura Temporal em "Time Detective"', 'Resolva crimes através do tempo', 'Viaje no tempo e resolva crimes em "Time Detective".', 'Explore diferentes eras para solucionar mistérios em "Time Detective".', 'Ricardo Borges', '2024-07-12', '2024-07-12', 'time-detective.jpg', 'aventura-temporal-time-detective', 'Publicado', 1024, 'Time Detective, Mistério, Viagem no Tempo', 0),
(41, 'Lançamento de "Kinho\'s Adventures"', 'Uma nova jornada', 'Acompanhe Kinho em uma emocionante aventura em "Kinho\'s Adventures".', 'Explore um mundo cheio de desafios com Kinho em "Kinho\'s Adventures".', 'Isabela Costa', '2024-07-11', '2024-07-11', 'kinhos-adventures.jpg', 'lancamento-kinhos-adventures', 'Arquivado', 2048, 'Kinho\'s Adventures, Aventura, Jornada', 0),
(42, 'Explorando "Layla: The Princess of Osíris"', 'Uma princesa em busca de seu destino', 'Ajude Layla a encontrar seu destino em "Layla: The Princess of Osíris".', 'Descubra os segredos do Egito Antigo com Layla em "Layla: The Princess of Osíris".', 'Fábio Almeida', '2024-07-10', '2024-07-10', 'layla-princess.jpg', 'explorando-layla-princess-osiris', 'Deletado', 1024, 'Layla: The Princess of Osíris, Aventura, Egito', 0),
(43, 'Lançamento de "The Lost Aviator"', 'Um piloto perdido em busca de respostas', 'Ajude o aviador perdido a encontrar seu caminho em "The Lost Aviator".', 'Descubra o mistério por trás do desaparecimento em "The Lost Aviator".', 'Clara Silva', '2024-07-09', '2024-07-09', 'lost-aviator.jpg', 'lancamento-the-lost-aviator', 'Rascunho', 1536, 'The Lost Aviator, Mistério, Aventura', 0),
(44, 'Mistérios em "Wraith\'s Gambit"', 'Descubra os segredos do além', 'Enfrente o desconhecido em "Wraith\'s Gambit".', 'Desvende os segredos do além em "Wraith\'s Gambit".', 'Eduardo Barros', '2024-07-08', '2024-07-08', 'wraiths-gambit.jpg', 'misterios-wraiths-gambit', 'Em Revisão', 1024, 'Wraith\'s Gambit, Mistério, Sobrenatural', 0),
(45, 'Novidades em "Veil of Shadows"', 'Atualizações e novos desafios', 'Descubra as novidades em "Veil of Shadows".', 'Explore os novos desafios e atualizações de "Veil of Shadows".', 'Juliana Reis', '2024-07-07', '2024-07-07', 'veil-of-shadows.jpg', 'novidades-veil-of-shadows', 'Aprovado', 1536, 'Veil of Shadows, Atualizações, Desafios', 0),
(46, 'Explorando "Hero\'s Journey: The Lost Artifacts"', 'Descubra artefatos lendários', 'Embarque em uma jornada épica em "Hero\'s Journey: The Lost Artifacts".', 'Explore artefatos lendários e misteriosos em "Hero\'s Journey: The Lost Artifacts".', 'Amanda Lopes', '2024-07-06', '2024-07-06', 'heros-journey.jpg', 'explorando-heros-journey-lost-artifacts', 'Publicado', 1024, 'Hero\'s Journey: The Lost Artifacts, Artefatos, Aventura', 0),
(47, 'Novidades em "Speed Demons: Road Warriors"', 'Novos carros e pistas desafiadoras', 'Explore as novas pistas e carros em "Speed Demons: Road Warriors".', 'Domine as pistas desafiadoras com os novos carros de "Speed Demons: Road Warriors".', 'Lucas Antunes', '2024-07-05', '2024-07-05', 'speed-demons.jpg', 'novidades-speed-demons-road-warriors', 'Arquivado', 2048, 'Speed Demons: Road Warriors, Corrida, Novidades', 0),
(48, 'Desafios em "Puzzle Kingdom: The Great Escape"', 'Novos quebra-cabeças e níveis', 'Descubra os novos desafios em "Puzzle Kingdom: The Great Escape".', 'Explore os novos níveis desafiadores em "Puzzle Kingdom: The Great Escape".', 'Renata Melo', '2024-07-04', '2024-07-04', 'puzzle-kingdom.jpg', 'desafios-puzzle-kingdom', 'Deletado', 1536, 'Puzzle Kingdom: The Great Escape, Quebra-cabeça, Níveis', 0),
(49, 'Atualizações em "Ultimate Strikers"', 'Novos times e competições', 'Saiba mais sobre as atualizações em "Ultimate Strikers".', 'Descubra as novas competições e times em "Ultimate Strikers".', 'Henrique Martins', '2024-07-03', '2024-07-03', 'ultimate-strikers.jpg', 'atualizacoes-ultimate-strikers', 'Rascunho', 1024, 'Ultimate Strikers, Esporte, Atualizações', 0),
(50, 'Novidades em "Grand Slam Legends"', 'Novas lendas e competições', 'Explore as novas lendas do esporte em "Grand Slam Legends".', 'Participe das competições com as novas lendas em "Grand Slam Legends".', 'Gabriela Monteiro', '2024-07-02', '2024-07-02', 'grand-slam-legends.jpg', 'novidades-grand-slam-legends', 'Em Revisão', 2048, 'Grand Slam Legends, Esporte, Lendas', 0)
;

INSERT INTO Imagens (Noticias_id, Caminho_Imagem, Legenda)
VALUES
(1,'/imagens/shadow_of_the_nebula.jpg', 'Arte conceitual de Shadow of the Nebula'),
(2, '/imagens/mystic_realms_forgotten_kingdom.jpg', 'Cena do jogo Mystic Realms: The Forgotten Kingdom'),
(3, '/imagens/echoes_of_atlantis.jpg', 'Mundo submerso em Echoes of Atlantis'),
(4, '/imagens/warriors_path.jpg', 'Desafio em Warrior\'s Path: The Seven Trials'),
(5, '/imagens/galactic_farmers.jpg', 'Plantação em Galactic Farmers'),
(6, '/imagens/veil_of_shadows.jpg', 'Sombras em Veil of Shadows'),
(7, '/imagens/chrono_knights.jpg', 'Batalha épica em Chrono Knights'),
(8, '/imagens/pirates_legacy.jpg', 'Tesouro em Pirate\'s Legacy: The Lost Treasure'),
(9, '/imagens/dreamscape_architects.jpg', 'Construção em Dreamscape Architects'),
(10, '/imagens/titanium_blade.jpg', 'Lâmina mítica em Titanium Blade: War of the Ancients'),
(11, '/imagens/chronicles_of_eldoria.jpg', 'Aventura em Chronicles of Eldoria'),
(12, '/imagens/city_life_simulator.jpg', 'Simulação de vida urbana em City Life Simulator'),
(13, '/imagens/farm_dream.jpg', 'Colheita em Farm Dream: Harvest Season'),
(14, '/imagens/roller_coaster_tycoon.jpg', 'Montanha-russa em Roller Coaster Tycoon'),
(15, '/imagens/retro_mania.jpg', 'Estilo retrô em Retro Mania'),
(16, '/imagens/galaxy_odyssey.jpg', 'Odisséia espacial em Galaxy Odyssey: War of Stars'),
(17, '/imagens/color_splash.jpg', 'Explosão de cores em Color Splash'),
(18, '/imagens/kingdom_defender.jpg', 'Defendendo o reino em Kingdom Defender'),
(19, '/imagens/dark_abyss.jpg', 'Abismo sombrio em Dark Abyss: The Lost Souls'),
(20, '/imagens/warriors_of_valor.jpg', 'Valentia em Warriors of Valor'),
(21, '/imagens/robo_rumble.jpg', 'Combate de mechas em Robo Rumble: Mech Mayhem'),
(22, '/imagens/soccer_champions.jpg', 'Campeonato em Soccer Champions'),
(23, '/imagens/neon_racers.jpg', 'Corrida neon em Neon Racers'),
(24, '/imagens/puzzle_palace.jpg', 'Desafios em Puzzle Palace'),
(25, '/imagens/family_fiesta.jpg', 'Diversão em Family Fiesta'),
(26, '/imagens/skybound.jpg', 'Expedição em Skybound: The Great Expedition'),
(27, '/imagens/shadow_arena.jpg', 'Combate em Shadow Arena'),
(28, '/imagens/cyber_ninja.jpg', 'Ação cibernética em Cyber Ninja'),
(29, '/imagens/zombie_apocalypse.jpg', 'Sobrevivência em Zombie Apocalypse: Final Stand'),
(30, '/imagens/phantom_shroud.jpg', 'Mistério em Phantom Shroud'),
(31, '/imagens/shadowblade.jpg', 'Assassino em Shadowblade'),
(32, '/imagens/whispers_of_the_abyss.jpg', 'Segredos em Whispers of the Abyss'),
(33, '/imagens/chaos_domination.jpg', 'Caos em Chaos Domination'),
(34, '/imagens/files_of_mystery.jpg', 'Investigação em Files of Mystery'),
(35, '/imagens/cult_of_the_ghost_shroud.jpg', 'Culto em Cult of the Ghost Shroud'),
(36, '/imagens/sports_heroes.jpg', 'Torneio em Sports Heroes: World Tournament'),
(37, '/imagens/turbo_drift.jpg', 'Corrida de rua em Turbo Drift: Street Racing'),
(38, '/imagens/alien_gods.jpg', 'Deuses alienígenas em Alien Gods'),
(39, '/imagens/ancestors.jpg', 'História antiga em Ancestors'),
(40, '/imagens/time_detective.jpg', 'Viagem no tempo em Time Detective'),
(41, '/imagens/kinhos_adventures.jpg', 'Aventura de Kinho em Kinho\'s Adventures'),
(42, '/imagens/layla_princess.jpg', 'Princesa Layla em Layla: The Princess of Osíris'),
(43, '/imagens/lost_aviator.jpg', 'Mistério em The Lost Aviator'),
(44, '/imagens/wraiths_gambit.jpg', 'Estratégia em Wraith\'s Gambit'),
(45, '/imagens/veil_of_shadows_2.jpg', 'Mais mistérios em Veil of Shadows'),
(46, '/imagens/heros_journey.jpg', 'Artefatos perdidos em Hero\'s Journey: The Lost Artifacts'),
(47, '/imagens/speed_demons.jpg', 'Velocidade em Speed Demons: Road Warriors'),
(48, '/imagens/puzzle_kingdom.jpg', 'Fuga em Puzzle Kingdom: The Great Escape'),
(49, '/imagens/ultimate_strikers.jpg', 'Futebol em Ultimate Strikers'),
(50, '/imagens/grand_slam_legends.jpg', 'Lendas em Grand Slam Legends'),
(NULL, 'imagens/Shadow_of_the_Nebula/cover.jpg', 'Capa do Shadow of the Nebula'),
(NULL, 'imagens/Mystic_Realms/kingdom.jpg', 'Explorando o Forgotten Kingdom'),
(NULL, 'imagens/Echoes_of_Atlantis/underwater.jpg', 'Mergulho nas profundezas de Atlantis'),
(NULL, 'imagens/Warriors_Path/seven_trials.jpg', 'Desafios no Warrior\'s Path'),
(NULL, 'imagens/Galactic_Farmers/harvest.jpg', 'Colheita intergaláctica'),
(NULL, 'imagens/Veil_of_Shadows/forest.jpg', 'Sombras na floresta'),
(NULL,'imagens/Chrono_Knights/time_travel.jpg', 'Viagem no tempo dos Chrono Knights'),
(NULL, 'imagens/Pirates_Legacy/treasure.jpg', 'Tesouro perdido dos piratas'),
(NULL, 'imagens/Dreamscape_Architects/creation.jpg', 'Construindo sonhos no Dreamscape'),
(NULL, 'imagens/Titanium_Blade/ancients.jpg', 'Conflito com os antigos em Titanium Blade'),
(NULL, 'imagens/Chronicles_of_Eldoria/kingdom.jpg', 'Reinos de Eldoria'),
(NULL, 'imagens/City_Life_Simulator/cityscape.jpg', 'Cidade em construção no City Life Simulator'),
(NULL, 'imagens/Farm_Dream/harvest_season.jpg', 'Temporada de colheita no Farm Dream'),
(NULL, 'imagens/Roller_Coaster_Tycoon/roller_coaster.jpg', 'Montanha-russa no Roller Coaster Tycoon'),
(NULL, 'imagens/Retro_Mania/arcade.jpg', 'Diversão retrô no Retro Mania'),
(NULL, 'imagens/Galaxy_Odyssey/space_war.jpg', 'Guerra nas estrelas no Galaxy Odyssey'),
(NULL, 'imagens/Color_Splash/paint.jpg', 'Explosão de cores no Color Splash'),
(NULL, 'imagens/Kingdom_Defender/defense.jpg', 'Defendendo o reino no Kingdom Defender'),
(NULL, 'imagens/Dark_Abyss/lost_souls.jpg', 'Almas perdidas no Dark Abyss'),
(NULL, 'imagens/Warriors_of_Valor/battle.jpg', 'Batalha dos Warriors of Valor'),
(NULL, 'imagens/Robo_Rumble/mech.jpg', 'Mechs em ação no Robo Rumble')
;

INSERT INTO Videos (ID, Forum_id, URL_Video, Titulo, Legenda)
VALUES
(1, NULL, 'https://www.videosite.com/watch?v=video_shadow_nebula', 'Trailer Oficial de "Shadow of the Nebula"', 'Confira o trailer oficial do jogo "Shadow of the Nebula".'),
(2, NULL, 'https://www.videosite.com/watch?v=video_mystic_realms', 'Gameplay de "Mystic Realms: The Forgotten Kingdom"', 'Assista ao gameplay de "Mystic Realms: The Forgotten Kingdom".'),
(3, NULL, 'https://www.videosite.com/watch?v=video_echoes_atlantis', 'Atualização de "Echoes of Atlantis"', 'Veja as novidades da atualização de "Echoes of Atlantis".'),
(4, NULL, 'https://www.videosite.com/watch?v=video_warriors_path', 'Guia de Estratégia para "Warrior\'s Path: The Seven Trials"', 'Dicas para vencer em "Warrior\'s Path: The Seven Trials".'),
(5, NULL, 'https://www.videosite.com/watch?v=video_galactic_farmers', 'Review de "Galactic Farmers"', 'Análise detalhada do jogo "Galactic Farmers".'),
(6, NULL, 'https://www.videosite.com/watch?v=video_veil_shadows', 'Exploração em "Veil of Shadows"', 'Explore o mundo sombrio de "Veil of Shadows".'),
(7, NULL, 'https://www.videosite.com/watch?v=video_chrono_knights', 'Novidades em "Chrono Knights"', 'Confira as últimas novidades de "Chrono Knights".'),
(8, NULL, 'https://www.videosite.com/watch?v=video_pirates_legacy', 'Aventura em "Pirate\'s Legacy: The Lost Treasure"', 'Descubra a nova aventura de piratas.'),
(9, NULL, 'https://www.videosite.com/watch?v=video_dreamscape_architects', 'Novidades em "Dreamscape Architects"', 'Veja as últimas novidades de "Dreamscape Architects".'),
(10, NULL, 'https://www.videosite.com/watch?v=video_titanium_blade', 'Trailer de "Titanium Blade: War of the Ancients"', 'Assista ao trailer do novo jogo de ação "Titanium Blade: War of the Ancients".'),
(11, 3, 'https://videosite.com/shadow-nebula-tips', 'Dicas para "Shadow of the Nebula"', 'Usuário compartilha dicas úteis para "Shadow of the Nebula".'),
(12, 1, 'https://videosite.com/mystic-realms-secrets', 'Segredos de "Mystic Realms: The Forgotten Kingdom"', 'Vídeo postado por um usuário revelando segredos do jogo.'),
(13, 6, 'https://videosite.com/echoes-atlantis-tutorial', 'Tutorial de "Echoes of Atlantis"', 'Tutorial detalhado enviado por um usuário para "Echoes of Atlantis".'),
(14, 2, 'https://videosite.com/warriors-path-boss-fight', 'Luta contra o Chefe em "Warrior\'s Path"', 'Vídeo da luta contra o chefe em "Warrior\'s Path: The Seven Trials".'),
(15, 4, 'https://videosite.com/galactic-farmers-strategy', 'Estratégias para "Galactic Farmers"', 'Estratégias compartilhadas por um usuário para jogar "Galactic Farmers".'),
(16, 5, 'https://videosite.com/veil-shadows-boss-battle', 'Batalha contra o Chefe em "Veil of Shadows"', 'Usuário mostra a batalha contra o chefe em "Veil of Shadows".'),
(17, 6, 'https://videosite.com/chrono-knights-tips', 'Dicas de "Chrono Knights"', 'Dicas valiosas para "Chrono Knights" postadas no fórum.'),
(18, 3, 'https://videosite.com/pirates-legacy-treasure-hunt', 'Caça ao Tesouro em "Pirate\'s Legacy"', 'Vídeo de um usuário caçando tesouros em "Pirate\'s Legacy: The Lost Treasure".'),
(19, 2, 'https://videosite.com/dreamscape-architects-custom', 'Construções Personalizadas em "Dreamscape Architects"', 'Usuário mostra suas construções personalizadas em "Dreamscape Architects".'),
(20, 4, 'https://videosite.com/titanium-blade-combos', 'Combos em "Titanium Blade"', 'Vídeo com combos avançados em "Titanium Blade: War of the Ancients".'),
(21, 1, 'https://videosite.com/chronicles-eldoria-secret', 'Segredos de "Chronicles of Eldoria"', 'Segredos e truques para "Chronicles of Eldoria" compartilhados por um usuário.'),
(22, 5, 'https://videosite.com/city-life-simulator-tips', 'Dicas para "City Life Simulator"', 'Dicas para melhorar sua experiência em "City Life Simulator" postadas no fórum.'),
(23, 2, 'https://videosite.com/farm-dream-setup', 'Configuração Ideal em "Farm Dream"', 'Usuário mostra como configurar "Farm Dream: Harvest Season" de forma ideal.'),
(24, 6, 'https://videosite.com/roller-coaster-tycoon-design', 'Design de Montanha-Russa em "Roller Coaster Tycoon"', 'Vídeo de um design criativo de montanha-russa em "Roller Coaster Tycoon".'),
(25, 4, 'https://videosite.com/retro-mania-challenges', 'Desafios em "Retro Mania"', 'Usuário participa de desafios em "Retro Mania".'),
(26, 5, 'https://videosite.com/galaxy-odyssey-missions', 'Missões em "Galaxy Odyssey"', 'Missões e conquistas em "Galaxy Odyssey: War of Stars" compartilhadas por um usuário.'),
(27, 3, 'https://videosite.com/color-splash-custom', 'Personalizações em "Color Splash"', 'Vídeo mostrando personalizações em "Color Splash".'),
(28, 6, 'https://videosite.com/kingdom-defender-strategy', 'Estratégia para "Kingdom Defender"', 'Estratégia detalhada para "Kingdom Defender" postada por um usuário.'),
(29, 1, 'https://videosite.com/dark-abyss-hidden-items', 'Itens Ocultos em "Dark Abyss"', 'Usuário revela itens ocultos em "Dark Abyss: The Lost Souls".'),
(30, 2, 'https://videosite.com/warriors-valor-tactics', 'Táticas para "Warriors of Valor"', 'Vídeo de táticas para "Warriors of Valor" postado no fórum.'),
(31, 5, 'https://videosite.com/robo-rumble-custom', 'Customizações em "Robo Rumble"', 'Usuário mostra customizações de robôs em "Robo Rumble: Mech Mayhem".'),
(32, 3, 'https://videosite.com/soccer-champions-tricks', 'Truques em "Soccer Champions"', 'Truques e técnicas para "Soccer Champions" compartilhadas por um usuário.'),
(33, 4, 'https://videosite.com/neon-racers-best-times', 'Melhores Tempos em "Neon Racers"', 'Usuário compartilha seus melhores tempos em "Neon Racers".'),
(34, 6, 'https://videosite.com/puzzle-palace-solutions', 'Soluções para "Puzzle Palace"', 'Soluções para quebra-cabeças em "Puzzle Palace" enviadas por um usuário.'),
(35, 1, 'https://videosite.com/family-fiesta-moments', 'Momentos em "Family Fiesta"', 'Momentos divertidos em "Family Fiesta" postados no fórum.'),
(36, 2, 'https://videosite.com/skybound-expedition-highlights', 'Destaques da Expedição em "Skybound"', 'Destaques da expedição em "Skybound: The Great Expedition".'),
(37, 3, 'https://videosite.com/shadow-arena-tournament', 'Torneio em "Shadow Arena"', 'Vídeo de um torneio em "Shadow Arena".'),
(38, 4, 'https://videosite.com/cyber-ninja-missions', 'Missões em "Cyber Ninja"', 'Missões e jogabilidade em "Cyber Ninja".'),
(39, 5, 'https://videosite.com/zombie-apocalypse-survivor', 'Sobrevivente em "Zombie Apocalypse"', 'Histórias de sobrevivência em "Zombie Apocalypse: Final Stand".'),
(40, 6, 'https://videosite.com/phantom-shroud-reveal', 'Revelação em "Phantom Shroud"', 'Revelação dos mistérios em "Phantom Shroud".'),
(41, 1, 'https://videosite.com/shadowblade-gameplay', 'Gameplay de "Shadowblade"', 'Gameplay completa de "Shadowblade".'),
(42, 2, 'https://videosite.com/whispers-abyss-dungeon', 'Dungeon de "Whispers of the Abyss"', 'Exploração de dungeon em "Whispers of the Abyss".'),
(43, 3, 'https://videosite.com/chaos-domination-tactics', 'Táticas para "Chaos Domination"', 'Táticas e estratégias para "Chaos Domination".'),
(44, 4, 'https://videosite.com/files-mistery-case-solve', 'Resolução de Caso em "Files of Mistery"', 'Resolução de um caso em "Files of Mistery".'),
(45, 5, 'https://videosite.com/cult-ghost-shroud-revelations', 'Revelações em "Cult of the Ghost Shroud"', 'Revelações sobrenaturais em "Cult of the Ghost Shroud".'),
(46, 6, 'https://videosite.com/sports-heroes-highlights', 'Destaques de "Sports Heroes"', 'Destaques e melhores momentos de "Sports Heroes: World Tournament".'),
(47, 1, 'https://videosite.com/turbo-drift-racing', 'Corrida em "Turbo Drift"', 'Corrida emocionante em "Turbo Drift: Street Racing".'),
(48, 2, 'https://videosite.com/alien-gods-research', 'Pesquisa em "Alien Gods"', 'Pesquisa e descobertas em "Alien Gods".'),
(49, 3, 'https://videosite.com/ancestors-journey', 'Jornada em "Ancestors"', 'Jornada épica em "Ancestors".'),
(50, 4, 'https://videosite.com/time-detective-clues', 'Pistas em "Time Detective"', 'Pistas e dicas para "Time Detective".'),
(51, 5, 'https://videosite.com/kinho-adventures-fun', 'Diversão em "Kinho\'s Adventures"', 'Diversão e aventuras em "Kinho\'s Adventures".'),
(52, 6, 'https://videosite.com/layla-princess-journey', 'Jornada de Layla', 'Acompanhe a jornada de Layla em "Layla: The Princess of Osíris".'),
(53, 1, 'https://videosite.com/lost-aviator-flight', 'Voo Perdido em "The Lost Aviator"', 'Recrie o voo perdido em "The Lost Aviator".'),
(54, 2, 'https://videosite.com/wraith-gambit-strategy', 'Estratégia em "Wraith\'s Gambit"', 'Estratégias para "Wraith\'s Gambit".'),
(55, 3, 'https://videosite.com/hero-journey-artifacts', 'Artefatos de "Hero\'s Journey"', 'Descubra os artefatos em "Hero\'s Journey: The Lost Artifacts".')
;

INSERT INTO Suporte (ID, FAQs, Tutoriais, Pesquisa)
VALUES
(1, 'Como instalar o jogo?', 'Tutorial de instalação', 'instalação jogo'),
(2, 'Como criar uma conta?', 'Guia passo a passo para criar uma conta', 'criação conta'),
(3, 'O que fazer se o jogo travar?', 'Resolução de problemas comuns', 'jogo travado solução'),
(4, 'Como resgatar um código promocional?', 'Instruções para resgate de códigos', 'resgate código promocional'),
(5, 'Quais são os requisitos mínimos para rodar o jogo?', 'Verificação de requisitos do sistema', 'requisitos mínimos sistema'),
(6, 'Como atualizar o jogo?', 'Passos para atualizar o jogo', 'atualização jogo'),
(7, 'Como recuperar a senha?', 'Guia de recuperação de senha', 'recuperação senha'),
(8, 'Como contatar o suporte técnico?', 'Instruções para contatar o suporte', 'contato suporte técnico'),
(9, 'Como desinstalar o jogo?', 'Passos para desinstalar', 'desinstalação jogo'),
(10, 'Como participar do fórum?', 'Guia de participação no fórum', 'participação fórum')
;

INSERT INTO Categorias_Suporte (ID, Conta, Seguranca, Compras, Reembolsos, Assinaturas, Jogos, Jogabilidade, Detonados, Conectividade)
VALUES
(1, 'Problemas com a criação de conta', 'Como proteger sua conta', 'Dúvidas sobre o processo de compra', 'Solicitações de reembolso', 'Gerenciar assinaturas', 'Questões sobre jogos disponíveis', 'Problemas com a jogabilidade', 'Guia e dicas para jogos', 'Conexão com o servidor e problemas de rede'),
(2, 'Recuperar senha da conta', 'Autenticação de dois fatores', 'Métodos de pagamento aceitos', 'Reembolsos por problemas técnicos', 'Assinatura de pacotes premium', 'Suporte a jogos de parceiros', 'Problemas técnicos durante o jogo', 'Tutoriais e guias de jogo', 'Resolução de problemas de conexão'),
(3, 'Alterar informações da conta', 'Segurança da conta e proteção', 'Problemas com transações de compra', 'Processo de solicitação de reembolso', 'Gerenciar assinaturas de jogo', 'Compatibilidade de jogos', 'Ajustes e configurações de jogabilidade', 'Soluções para desafios em jogos', 'Problemas de conexão com o jogo'),
(4, 'Configurações de conta', 'Segurança e privacidade', 'Descontos e promoções em compras', 'Política de reembolso', 'Gerenciamento de assinaturas', 'Jogos e atualizações', 'Ajustes na jogabilidade', 'Dicas e truques para jogos', 'Problemas com a conexão de rede'),
(5, 'Atualização de dados da conta', 'Proteção contra fraudes', 'Dúvidas sobre compras recentes', 'Reembolsos e trocas', 'Como gerenciar assinaturas', 'Informações sobre novos jogos', 'Soluções para problemas de jogabilidade', 'Guias e estratégias de jogos', 'Resolução de problemas de conexão e rede')
;
